{
  "gossip": {
    "full": {
      "100": 214,
      "250": 226,
      "500": 256,
      "1000": 381,
      "2500": 1667,
      "5000": 8623,
      "10000": 54420
    },
    "3D": {
      "100": 299,
      "250": 372,
      "500": 404,
      "1000": 581,
      "2500": 1043,
      "5000": 3158,
      "10000": 8938,
      "11000": 14057,
      "12000": 22494,
      "13000": 23094,
      "14000": 28775,
      "15000": 39758,
      "16000": 45972,
      "17000": 55815
    },
    "line": {
      "100": 2830,
      "250": 6315,
      "500": 11932,
      "1000": 23574,
      "2500": 31698,
      "5000": 54215,
      "10000": 70001
    },
    "imp3D": {
      "100": 228,
      "250": 260,
      "500": 319,
      "1000": 301,
      "2500": 620,
      "5000": 2062,
      "10000": 6912,
      "11000": 11465,
      "12000": 15217
    }
  },
  "push-sum": {
    "full": {
      "100": 1288,
      "250": 1228,
      "500": 1249,
      "1000": 1393,
      "2500": 2681,
      "5000": 10087,
      "10000": 74963
    },
    "3D": {
      "100": 8349,
      "250": 16825,
      "500": 21995,
      "1000": 31329,
      "2500": 33011,
      "5000": 62417,
      "10000": 70077
    },
    "line": {
      "100": 31567,
      "250": 31306,
      "500": 31248,
      "1000": 31363,
      "2500": 55021,
      "5000": 62572,
      "10000": 70730
    },
    "imp3D": {
      "100": 3021,
      "250": 3643,
      "500": 4028,
      "1000": 4347,
      "2500": 5803,
      "5000": 11202,
      "10000": 18346,
      "11000": 28792
    }
  }
}