{
  "gossip": {
    "full": {
      "0.0": 33001,
      "0.1": 32893,
      "0.2": 32934,
      "0.3": 32883,
      "0.4": 32929,
      "0.5": 32969
    },
    "3D": {
      "0.0": 669,
      "0.1": 658,
      "0.2": 774,
      "0.3": 61787,
      "0.4": 32741,
      "0.5": 32791
    },
    "line": {
      "0.0": 32769,
      "0.1": 32823,
      "0.2": 32673,
      "0.3": 32785,
      "0.4": 33043,
      "0.5": 32450
    },
    "imp3D": {
      "0.0": 330,
      "0.1": 393,
      "0.2": 430,
      "0.3": 55729,
      "0.4": 33175,
      "0.5": 33156
    }
  },
  "push-sum": {
    "full": {
      "0.0": 1703,
      "0.1": 1704,
      "0.2": 1696,
      "0.3": 2035,
      "0.4": 1696,
      "0.5": 1715
    },
    "3D": {
      "0.0": 32685,
      "0.1": 32936,
      "0.2": 32780,
      "0.3": 6358,
      "0.4": 3377,
      "0.5": 3744
    },
    "line": {
      "0.0": 32712,
      "0.1": 7354,
      "0.2": 7265,
      "0.3": 6615,
      "0.4": 410,
      "0.5": 431
    },
    "imp3D": {
      "0.0": 32865,
      "0.1": 32844,
      "0.2": 32728,
      "0.3": 10475,
      "0.4": 1768,
      "0.5": 1686
    }
  }
}